[
  {
    "name": "Org1MSP-Org2MSP",
    "policy": "OR('Org1MSP.member', 'Org2MSP.member')",
    "requiredPeerCount": 0,
    "maxPeerCount": 3,
    "blockToLive": 0,
    "memberOnlyRead": true,
    "memberOnlyWrite": true
  },
  {
    "name": "Org1MSP-Org3MSP",
    "policy": "OR('Org1MSP.member', 'Org3MSP.member')",
    "requiredPeerCount": 0,
    "maxPeerCount": 3,
    "blockToLive": 0,
    "memberOnlyRead": true,
    "memberOnlyWrite": true
  },
  {
    "name": "Org2MSP-Org3MSP",
    "policy": "OR('Org2MSP.member', 'Org3MSP.member')",
    "requiredPeerCount": 0,
    "maxPeerCount": 3,
    "blockToLive": 0,
    "memberOnlyRead": true,
    "memberOnlyWrite": true
  }
]
